[
     {
         "ID": 7,
         "Status": 3,
         "Ended": false,
         "Modifier": 0,
         "Timer": 86400
     },

     {
         "ID": 30,
         "Status": 3,
         "Ended": false,
         "Modifier": 0,
         "Timer": 86400
     },

     {
         "ID": 301,
         "Status": 3,
         "Ended": false,
         "Modifier": 0,
         "Timer": 86400
     },

     {
         "ID": 82,
         "Status": 3,
         "Ended": false,
         "Modifier": 0,
         "Timer": 86400
     },

     {
         "ID": 298,
         "Status": 3,
         "Ended": false,
         "Modifier": 0,
         "Timer": 86400
     },

     {
         "ID": 269,
         "Status": 3,
         "Ended": false,
         "Modifier": 0,
         "Timer": 86400
     },
     {
         "ID": 290,
         "Status": 3,
         "Ended": false,
         "Modifier": 0,
         "Timer": 86400
     }
]