{
   "GoldPacks":[
      {
         "Cost":20,
         "Amount":150
      },
      {
         "Cost":50,
         "Amount":400
      },
      {
         "Cost":140,
         "Amount":1200
      },
      {
         "Cost":280,
         "Amount":2600
      }
   ],
   "Boxes":[
      {
         "Cost":30,
         "Multiplier":3
      },
      {
         "Cost":80,
         "Multiplier":10
      }
   ],
   "TokenDoubler":[
      {
         "Cost":50,
         "Amount":1000
      }
   ],

   "Offers": [
      {
         "OfferID": 3,
         "DataReference": [16,41],
         "BGR": "offer_wf",
         "ShopType": 0,
         "ShopDisplay": 0,
         "Cost": 0,
         "OLD COST": 0,
         "Timer": 360000,
         "Multiplier": 1,
         "OfferText": "ЛУ!",
         "Claimed": false
      }

   ]
}